Duration,Team,Picks,Bans,Team,Picks,Bans,Winner
24:34,OG,Io  Tiny  Abaddon  Timbersaw  Gyrocopter,Leshrac  Dark Seer  Enchantress  Meepo  Ember Spirit  Shadow Fiend,Team Liquid,Chen  Omniknight  Bristleback  Earth Spirit  Windranger,Magnus  Alchemist  Elder Titan  Troll Warlord  Invoker  Nature's Prophet,OG
23:23,Team Liquid,Rubick  Tidehunter  Ogre Magi  Templar Assassin  Juggernaut,Magnus  Ancient Apparition  Io  Ember Spirit  Invoker  Monkey King,OG,Enchantress  Tiny  Grimstroke  Faceless Void  Pugna,Leshrac  Alchemist  Chen  Meepo  Naga Siren  Wraith King,OG
32:25,Team Liquid,Tidehunter  Templar Assassin  Shadow Shaman  Lifestealer  Enigma,Magnus  Ancient Apparition  Io  Invoker  Dark Seer  Slark,OG,Grimstroke  Tiny  Ember Spirit  Omniknight  Monkey King,Leshrac  Alchemist  Chen  Rubick  Meepo  Puck,OG
48:34,Team Liquid,Tidehunter  Chen  Rubick  Templar Assassin  Meepo,Magnus  Io  Alchemist  Invoker  Ember Spirit  Dark Seer,OG,Enchantress  Elder Titan  Tiny  Spectre  Pugna,Leshrac  Ancient Apparition  Sand King  Tusk  Shadow Shaman  Gyrocopter,Team Liquid
36:34,PSG.LGD,Elder Titan  Rubick  Faceless Void  Shadow Fiend  Dark Seer,Alchemist  Chen  Enchantress  Io  Naga Siren  Ember Spirit,Team Liquid,Tidehunter  Templar Assassin  Shadow Shaman  Winter Wyvern  Wraith King,Leshrac  Ogre Magi  Centaur Warrunner  Kunkka  Gyrocopter  Sand King,Team Liquid
59:05,Team Liquid,Elder Titan  Rubick  Sven  Dark Seer  Templar Assassin,Ogre Magi  Leshrac  Enchantress  Gyrocopter  Kunkka  Ember Spirit,PSG.LGD,Centaur Warrunner  Lion  Jakiro  Lifestealer  Huskar,Alchemist  Chen  Tidehunter  Faceless Void  Tinker  Meepo,Team Liquid
52:23,Team Liquid,Tiny  Faceless Void  Mirana  Tinker  Shadow Demon,Ogre Magi  Leshrac  Tidehunter  Kunkka  Dragon Knight  Ember Spirit,PSG.LGD,Elder Titan  Rubick  Centaur Warrunner  Gyrocopter  Spectre,Alchemist  Chen  Enchantress  Magnus  Lion  Oracle,PSG.LGD
39:58,Team Secret,Elder Titan  Rubick  Magnus  Wraith King  Bristleback,Chen  Enchantress  Io  Spirit Breaker  Ember Spirit  Crystal Maiden,Team Liquid,Alchemist  Dark Seer  Shadow Shaman  Kunkka  Winter Wyvern,Ancient Apparition  Omniknight  Tiny  Sven  Batrider  Monkey King,Team Liquid
27:42,Team Liquid,Chen  Tidehunter  Earth Spirit  Leshrac  Meepo,Elder Titan  Alchemist  Tiny  Bristleback  Gyrocopter  Sven,Team Secret,Io  Omniknight  Witch Doctor  Outworld Devourer  Earthshaker,Sand King  Ancient Apparition  Enchantress  Rubick  Templar Assassin  Sniper,Team Liquid
41:49,OG,Chen  Alchemist  Tidehunter  Rubick  Legion Commander,Ancient Apparition  Leshrac  Ogre Magi  Lifestealer  Gyrocopter  Faceless Void,PSG.LGD,Elder Titan  Tiny  Shadow Demon  Sand King  Slark,Io  Enchantress  Magnus  Dark Seer  Invoker  Dazzle,OG
22:27,PSG.LGD,Shadow Demon  Sand King  Jakiro  Sven  Dragon Knight,Io  Enchantress  Magnus  Spectre  Faceless Void  Monkey King,OG,Chen  Tiny  Alchemist  Dark Seer  Spirit Breaker,Leshrac  Ogre Magi  Elder Titan  Lifestealer  Ancient Apparition  Kunkka,OG
44:47,OG,Elder Titan  Faceless Void  Pangolier  Nature's Prophet  Zeus,Leshrac  Shadow Demon  Ogre Magi  Naga Siren  Spectre  Sven,PSG.LGD,Tidehunter  Lion  Oracle  Gyrocopter  Ember Spirit,Io  Enchantress  Magnus  Tiny  Invoker  Dazzle,PSG.LGD
21:52,Team Secret,Tiny  Omniknight  Windranger  Crystal Maiden  Bristleback,Enchantress  Shadow Demon  Elder Titan  Kunkka  Mirana  Death Prophet,Vici Gaming,Ogre Magi  Alchemist  Grimstroke  Centaur Warrunner  Razor,Chen  Io  Rubick  Ancient Apparition  Batrider  Slark,Team Secret
23:32,Vici Gaming,Leshrac  Tidehunter  Lion  Earth Spirit  Medusa,Chen  Enchantress  Tiny  Faceless Void  Alchemist  Kunkka,Team Secret,Elder Titan  Rubick  Centaur Warrunner  Gyrocopter  Io,Ogre Magi  Shadow Demon  Magnus  Shadow Shaman  Wraith King  Sven,Team Secret
30:43,Team Liquid,Elder Titan  Alchemist  Rubick  Ember Spirit  Dark Seer,Enchantress  Leshrac  Tidehunter  Batrider  Ancient Apparition  Sven,Evil Geniuses,Tiny  Shadow Demon  Timbersaw  Earth Spirit  Lifestealer,Io  Chen  Faceless Void  Mirana  Outworld Devourer  Sand King,Team Liquid
43:40,Team Liquid,Mirana  Ogre Magi  Tidehunter  Faceless Void  Tinker,Elder Titan  Enchantress  Leshrac  Sven  Alchemist  Omniknight,Evil Geniuses,Shadow Demon  Kunkka  Lina  Lifestealer  Centaur Warrunner,Io  Tiny  Chen  Templar Assassin  Timbersaw  Outworld Devourer,Team Liquid
34:19,Team Secret,Tiny  Faceless Void  Witch Doctor  Enigma  Abaddon,Alchemist  Wraith King  Magnus  Naga Siren  Mirana  Outworld Devourer,Infamous Gaming,Shadow Demon  Tidehunter  Doom  Lifestealer  Storm Spirit,Rubick  Omniknight  Enchantress  Ancient Apparition  Elder Titan  Lina,Team Secret
57:51,Infamous Gaming,Magnus  Shadow Shaman  Silencer  Phantom Lancer  Riki,Rubick  Omniknight  Centaur Warrunner  Elder Titan  Beastmaster  Leshrac,Team Secret,Tiny  Faceless Void  Shadow Demon  Mirana  Earthshaker,Enchantress  Alchemist  Wraith King  Phantom Assassin  Kunkka  Templar Assassin,Team Secret
1:18:05,Team Liquid,Ancient Apparition  Sand King  Tiny  Rubick  Arc Warden,Alchemist  Leshrac  Elder Titan  Ember Spirit  Faceless Void  Sven,Royal Never Give Up,Enchantress  Shadow Shaman  Bane  Outworld Devourer  Gyrocopter,Chen  Io  Shadow Demon  Templar Assassin  Pugna  Broodmother,Team Liquid
35:24,Royal Never Give Up,Abaddon  Ember Spirit  Mirana  Centaur Warrunner  Lifestealer,Chen  Shadow Demon  Enchantress  Faceless Void  Slark  Nature's Prophet,Team Liquid,Elder Titan  Tiny  Io  Gyrocopter  Night Stalker,Leshrac  Alchemist  Ogre Magi  Shadow Shaman  Outworld Devourer  Morphling,Team Liquid
27:54,OG,Enchantress  Invoker  Rubick  Juggernaut  Sand King,Leshrac  Naga Siren  Elder Titan  Shadow Demon  Centaur Warrunner  Broodmother,Evil Geniuses,Tiny  Mirana  Crystal Maiden  Dark Willow  Anti-Mage,Magnus  Io  Alchemist  Faceless Void  Earthshaker  Oracle,OG
42:03,OG,Enchantress  Earthshaker  Faceless Void  Tiny  Oracle,Leshrac  Naga Siren  Ancient Apparition  Sand King  Kunkka  Outworld Devourer,Evil Geniuses,Elder Titan  Mirana  Ogre Magi  Gyrocopter  Terrorblade,Magnus  Io  Alchemist  Ember Spirit  Spectre  Batrider,OG
30:44,Evil Geniuses,Enchantress  Earth Spirit  Crystal Maiden  Terrorblade  Lina,Magnus  Io  Alchemist  Spectre  Batrider  Zeus,OG,Grimstroke  Treant Protector  Phantom Assassin  Earthshaker  Invoker,Leshrac  Naga Siren  Elder Titan  Lifestealer  Kunkka  Tiny,Evil Geniuses
42:41,Vici Gaming,Mirana  Sand King  Sven  Lion  Necrophos,Gyrocopter  Leshrac  Shadow Demon  Faceless Void  Lifestealer  Tiny,PSG.LGD,Elder Titan  Ogre Magi  Jakiro  Spectre  Dragon Knight,Centaur Warrunner  Enchantress  Tidehunter  Warlock  Kunkka  Razor,PSG.LGD
42:10,Vici Gaming,Leshrac  Shadow Shaman  Warlock  Wraith King  Abaddon,Gyrocopter  Ogre Magi  Elder Titan  Lifestealer  Sven  Naga Siren,PSG.LGD,Centaur Warrunner  Rubick  Lion  Kunkka  Terrorblade,Enchantress  Tidehunter  Shadow Demon  Alchemist  Medusa  Omniknight,PSG.LGD
46:51,Mineski,Ogre Magi  Wraith King  Ancient Apparition  Shadow Shaman  Death Prophet,Chen  Kunkka  Naga Siren  Broodmother  Batrider  Invoker,Team Secret,Tiny  Omniknight  Elder Titan  Faceless Void  Rubick,Enchantress  Shadow Demon  Mirana  Enigma  Outworld Devourer  Alchemist,Team Secret
53:42,Mineski,Enchantress  Tiny  Witch Doctor  Faceless Void  Lina,Chen  Kunkka  Mirana  Naga Siren  Morphling  Ember Spirit,Team Secret,Ogre Magi  Rubick  Magnus  Phantom Assassin  Storm Spirit,Shadow Demon  Alchemist  Elder Titan  Wraith King  Bane  Death Prophet,Mineski
35:39,Mineski,Mirana  Wraith King  Witch Doctor  Omniknight  Alchemist,Chen  Kunkka  Enchantress  Naga Siren  Broodmother  Slark,Team Secret,Rubick  Tidehunter  Crystal Maiden  Visage  Meepo,Shadow Demon  Ogre Magi  Elder Titan  Ancient Apparition  Tinker  Sniper,Team Secret
40:01,Newbee,Tidehunter  Invoker  Elder Titan  Lifestealer  Kunkka,Magnus  Alchemist  Enchantress  Tiny  Broodmother  Outworld Devourer,Infamous Gaming,Ancient Apparition  Wraith King  Leshrac  Earth Spirit  Slark,Beastmaster  Omniknight  Mirana  Lina  Anti-Mage  Razor,Infamous Gaming
40:28,Infamous Gaming,Kunkka  Nyx Assassin  Oracle  Brewmaster  Juggernaut,Beastmaster  Mirana  Gyrocopter  Timbersaw  Tiny  Anti-Mage,Newbee,Elder Titan  Omniknight  Windranger  Outworld Devourer  Lifestealer,Enchantress  Magnus  Alchemist  Broodmother  Shadow Demon  Huskar,Newbee
25:20,Newbee,Leshrac  Elder Titan  Axe  Shadow Shaman  Sven,Enchantress  Alchemist  Broodmother  Lifestealer  Shadow Demon  Tiny,Infamous Gaming,Magnus  Nyx Assassin  Oracle  Wraith King  Monkey King,Gyrocopter  Mirana  Beastmaster  Legion Commander  Omniknight  Anti-Mage,Infamous Gaming
45:50,Team Liquid,Shadow Demon  Leshrac  Rubick  Underlord  Anti-Mage,Ancient Apparition  Chen  Alchemist  Sven  Kunkka  Faceless Void,TNC Predator,Tidehunter  Mirana  Oracle  Death Prophet  Bristleback,Elder Titan  Meepo  Beastmaster  Templar Assassin  Enigma  Medusa,Team Liquid
33:00,TNC Predator,Shadow Demon  Mirana  Kunkka  Wraith King  Batrider,Elder Titan  Beastmaster  Meepo  Gyrocopter  Outworld Devourer  Juggernaut,Team Liquid,Chen  Tidehunter  Tusk  Templar Assassin  Troll Warlord,Ancient Apparition  Sand King  Alchemist  Sven  Lifestealer  Ember Spirit,Team Liquid
32:59,Royal Never Give Up,Shadow Demon  Leshrac  Elder Titan  Faceless Void  Omniknight,Magnus  Io  Tidehunter  Morphling  Shadow Shaman  Outworld Devourer,Virtus.pro,Warlock  Centaur Warrunner  Tiny  Gyrocopter  Wraith King,Mirana  Enchantress  Alchemist  Lifestealer  Slark  Kunkka,Royal Never Give Up
29:49,Royal Never Give Up,Shadow Demon  Alchemist  Leshrac  Abaddon  Shadow Shaman,Magnus  Io  Centaur Warrunner  Slark  Bane  Outworld Devourer,Virtus.pro,Tidehunter  Enigma  Ogre Magi  Lifestealer  Storm Spirit,Enchantress  Mirana  Warlock  Kunkka  Silencer  Ember Spirit,Royal Never Give Up
41:43,Team Secret,Mirana  Sand King  Ogre Magi  Slark  Weaver,Elder Titan  Leshrac  Tidehunter  Earth Spirit  Storm Spirit  Faceless Void,Evil Geniuses,Enchantress  Shadow Demon  Magnus  Ember Spirit  Phantom Assassin,Kunkka  Alchemist  Earthshaker  Naga Siren  Morphling  Gyrocopter,Evil Geniuses
1:03:10,Evil Geniuses,Shadow Demon  Leshrac  Tidehunter  Rubick  Sven,Kunkka  Mirana  Alchemist  Ember Spirit  Tiny  Anti-Mage,Team Secret,Earthshaker  Invoker  Crystal Maiden  Enigma  Faceless Void,Chen  Enchantress  Elder Titan  Earth Spirit  Lifestealer  Spectre,Team Secret
48:24,Team Secret,Enchantress  Earthshaker  Chen  Tiny  Wraith King,Shadow Demon  Sand King  Gyrocopter  Rubick  Naga Siren  Bristleback,Evil Geniuses,Leshrac  Elder Titan  Windranger  Centaur Warrunner  Sven,Alchemist  Kunkka  Mirana  Ember Spirit  Lifestealer  Spectre,Evil Geniuses
34:13,Newbee,Enchantress  Shadow Demon  Earthshaker  Ember Spirit  Sven,Io  Chen  Invoker  Elder Titan  Tiny  Zeus,OG,Magnus  Juggernaut  Treant Protector  Grimstroke  Monkey King,Mirana  Gyrocopter  Ancient Apparition  Alchemist  Naga Siren  Slark,OG
27:33,Newbee,Visage  Tiny  Beastmaster  Grimstroke  Lifestealer,Enchantress  Chen  Magnus  Axe  Tidehunter  Ember Spirit,OG,Elder Titan  Io  Rubick  Bristleback  Omniknight,Mirana  Gyrocopter  Warlock  Sven  Alchemist  Naga Siren,OG
1:00:53,Natus Vincere,Warlock  Earth Spirit  Beastmaster  Sven  Sniper,Tiny  Mirana  Enchantress  Lifestealer  Omniknight  Ember Spirit,Mineski,Shadow Demon  Ogre Magi  Wraith King  Enigma  Lina,Treant Protector  Alchemist  Razor  Dazzle  Faceless Void  Broodmother,Mineski
34:24,KEEN GAMING,Phantom Assassin  Witch Doctor  Kunkka  Rubick  Omniknight,Magnus  Alchemist  Tiny  Leshrac  Slark  Ember Spirit,Infamous Gaming,Enchantress  Wraith King  Tusk  Batrider  Templar Assassin,Nature's Prophet  Beastmaster  Shadow Demon  Timbersaw  Lina  Abaddon,Infamous Gaming
40:41,Team Liquid,Io  Gyrocopter  Tidehunter  Shadow Shaman  Necrophos,Mirana  Ogre Magi  Tiny  Ember Spirit  Morphling  Medusa,Fnatic,Elder Titan  Leshrac  Enigma  Timbersaw  Kunkka,Beastmaster  Shadow Demon  Alchemist  Oracle  Chen  Razor,Team Liquid
43:17,Royal Never Give Up,Leshrac  Abaddon  Shadow Demon  Ember Spirit  Anti-Mage,Lina  Morphling  Enigma  Ancient Apparition  Broodmother  Bristleback,Alliance,Dark Willow  Faceless Void  Crystal Maiden  Storm Spirit  Gyrocopter,Enchantress  Elder Titan  Mirana  Wraith King  Alchemist,Royal Never Give Up
34:42,TNC Predator,Earthshaker  Grimstroke  Juggernaut  Tiny  Broodmother,Elder Titan  Ogre Magi  Alchemist  Tidehunter  Sven  Death Prophet,Vici Gaming,Shadow Demon  Leshrac  Warlock  Centaur Warrunner  Medusa,Chen  Mirana  Ancient Apparition  Lifestealer  Sand King  Sniper,Vici Gaming
1:01:13,TNC Predator,Ancient Apparition  Tiny  Bristleback  Earthshaker  Razor,Elder Titan  Ogre Magi  Alchemist  Leshrac  Death Prophet  Shadow Shaman,Vici Gaming,Shadow Demon  Tidehunter  Kunkka  Lifestealer  Rubick,Chen  Mirana  Enchantress  Slark  Sand King  Outworld Devourer,Vici Gaming
1:16:42,TNC Predator,Ancient Apparition  Sand King  Tiny  Lifestealer  Queen of Pain,Elder Titan  Ogre Magi  Tidehunter  Ember Spirit  Death Prophet  Kunkka,Vici Gaming,Enchantress  Magnus  Witch Doctor  Juggernaut  Lina,Chen  Mirana  Shadow Demon  Alchemist  Sven  Puck,TNC Predator
42:31,Virtus.pro,Elder Titan  Gyrocopter  Lion  Pangolier  Terrorblade,Enchantress  Leshrac  Alchemist  Morphling  Lifestealer  Faceless Void,PSG.LGD,Shadow Demon  Tidehunter  Kunkka  Mirana  Phantom Assassin,Magnus  Centaur Warrunner  Io  Sand King  Enigma  Storm Spirit,PSG.LGD
45:04,PSG.LGD,Tidehunter  Rubick  Gyrocopter  Ogre Magi  Sven,Shadow Demon  Centaur Warrunner  Magnus  Lifestealer  Kunkka  Storm Spirit,Virtus.pro,Silencer  Earthshaker  Brewmaster  Morphling  Dazzle,Leshrac  Enchantress  Elder Titan  Naga Siren  Alchemist  Faceless Void,PSG.LGD
38:32,OG,Omniknight  Invoker  Gyrocopter  Elder Titan  Winter Wyvern,Leshrac  Enchantress  Outworld Devourer  Death Prophet  Mirana  Crystal Maiden,Vici Gaming,Magnus  Faceless Void  Ogre Magi  Tiny  Grimstroke,Treant Protector  Alchemist  Shadow Demon  Naga Siren  Rubick  Pugna,OG
37:35,Ninjas in Pyjamas,Windranger  Tiny  Elder Titan  Gyrocopter  Ember Spirit,Enchantress  Alchemist  Magnus  Kunkka  Centaur Warrunner  Storm Spirit,Evil Geniuses,Shadow Demon  Naga Siren  Earthshaker  Puck  Templar Assassin,Broodmother  Tidehunter  Mirana  Leshrac  Timbersaw  Meepo,Evil Geniuses
39:32,Vici Gaming,Alchemist  Abaddon  Crystal Maiden  Tiny  Mirana,Treant Protector  Magnus  Enchantress  Ancient Apparition  Earthshaker  Slark,OG,Troll Warlord  Batrider  Techies  Slardar  Monkey King,Leshrac  Centaur Warrunner  Tidehunter  Warlock  Oracle  Kunkka,Vici Gaming
30:43,Royal Never Give Up,Ogre Magi  Warlock  Mars  Pugna  Monkey King,Magnus  Enchantress  Alchemist  Omniknight  Batrider  Shadow Shaman,Infamous Gaming,Oracle  Kunkka  Broodmother  Slardar  Phantom Lancer,Mirana  Elder Titan  Leshrac  Gyrocopter  Tiny  Razor,Infamous Gaming
54:08,Fnatic,Elder Titan  Leshrac  Wraith King  Puck  Mars,Kunkka  Gyrocopter  Alchemist  Broodmother  Lifestealer  Anti-Mage,Virtus.pro,Shadow Demon  Centaur Warrunner  Lina  Storm Spirit  Dragon Knight,Magnus  Enchantress  Tiny  Timbersaw  Meepo  Naga Siren,Virtus.pro
34:46,Ninjas in Pyjamas,Lina  Ogre Magi  Lich  Juggernaut  Batrider,Alchemist  Enchantress  Magnus  Shadow Demon  Naga Siren  Sand King,Evil Geniuses,Elder Titan  Kunkka  Dark Willow  Sven  Beastmaster,Mirana  Broodmother  Razor  Outworld Devourer  Necrophos  Timbersaw,Evil Geniuses
15:08,Royal Never Give Up,Elder Titan  Ember Spirit  Ogre Magi  Visage  Shadow Fiend,Magnus  Enchantress  Alchemist  Batrider  Abaddon  Lifestealer,Infamous Gaming,Silencer  Slark  Nyx Assassin  Legion Commander  Wraith King,Mirana  Omniknight  Leshrac  Faceless Void  Beastmaster  Naga Siren,Royal Never Give Up
35:48,TNC Predator,Ancient Apparition  Sven  Earthshaker  Death Prophet  Enchantress,Elder Titan  Shadow Demon  Beastmaster  Batrider  Oracle  Templar Assassin,Team Liquid,Ember Spirit  Magnus  Grimstroke  Enigma  Pangolier,Mirana  Alchemist  Chen   Omniknight  Tiny  Silencer,TNC Predator
41:42,Fnatic,Ancient Apparition  Storm Spirit  Shadow Shaman  Ogre Magi  Juggernaut,Gyrocopter  Alchemist  Shadow Demon  Nyx Assassin  Broodmother  Naga Siren,Virtus.pro,Elder Titan  Kunkka  Lion  Invoker  Slark,Magnus  Enchantress  Tiny  Lifestealer  Timbersaw  Faceless Void,Virtus.pro
27:00,Alliance,Crystal Maiden  Bristleback  Storm Spirit  Axe  Morphling,Mirana  Shadow Demon  Enchantress  Leshrac  Gyrocopter  Outworld Devourer,PSG.LGD,Elder Titan  Faceless Void  Lion  Timbersaw  Dragon Knight,Dark Willow  Treant Protector  Enigma  Oracle  Bloodseeker  Ancient Apparition,PSG.LGD
37:23,Newbee,Warlock  Axe  Tidehunter  Storm Spirit  Alchemist,Tiny  Mirana   Enchantress  Beastmaster  Outworld Devourer  Legion Commander,Mineski,Shadow Demon  Wraith King  Invoker  Death Prophet  Omniknight,Gyrocopter  Elder Titan  Chen  Ember Spirit  Naga Siren  Anti-Mage,Newbee
29:36,Team Secret,Invoker  Legion Commander  Techies  Jakiro  Slark,Mirana  Chen  Elder Titan  Lone Druid  Faceless Void  Naga Siren,Chaos Esports Club,Crystal Maiden  Tidehunter  Visage  Tinker  Timbersaw,Alchemist  Leshrac  Enchantress  Broodmother  Bristleback  Ember Spirit,Chaos Esports Club
37:55,PSG.LGD,Invoker  Ogre Magi  Kunkka  Slark  Outworld Devourer,Dark Willow  Treant Protector  Ancient Apparition  Bloodseeker  Broodmother  Oracle,Alliance,Crystal Maiden  Bristleback  Ember Spirit  Storm Spirit  Enigma,Enchantress  Mirana  Shadow Demon  Gyrocopter  Leshrac  Silencer,Alliance
1:09:55,Team Liquid,Kunkka  Crystal Maiden  Enchantress  Storm Spirit  Drow Ranger,Alchemist  Mirana  Ogre Magi  Batrider  Templar Assassin  Queen of Pain,TNC Predator,Chen  Lifestealer  Sand King  Tiny  Skywrath Mage,Elder Titan  Beastmaster  Shadow Demon  Morphling  Enigma  Meepo,TNC Predator
28:38,Mineski,Shadow Demon  Wraith King  Beastmaster  Windranger  Tinker,Enchantress  Mirana  Gyrocopter  Ember Spirit  Naga Siren  Death Prophet,Newbee,Ogre Magi  Invoker  Sven  Omniknight  Leshrac,Tiny  Enigma  Kunkka  Axe  Legion Commander  Outworld Devourer,Mineski
21:45,Chaos Esports Club,Mars  Skywrath Mage  Dark Willow  Bristleback  Gyrocopter,Mirana  Lifestealer  Enchantress  Batrider  Kunkka  Invoker,Team Secret,Chen  Alchemist  Tiny  Viper  Leshrac,Bounty Hunter  Pudge  Techies  Slark  Timbersaw  Outworld Devourer,Team Secret
37:39,Fnatic,Leshrac  Abaddon  Warlock  Storm Spirit  Wraith King,Gyrocopter  Alchemist  Elder Titan  Outworld Devourer  Slark  Anti-Mage,Royal Never Give Up,Shadow Demon  Centaur Warrunner  Rubick  Kunkka  Terrorblade,Magnus  Tiny  Mirana  Ember Spirit  Lifestealer  Juggernaut,Fnatic
36:47,Vici Gaming,Sand King  Shadow Demon  Lina  Gyrocopter  Outworld Devourer,Treant Protector  Alchemist  Chen  Lifestealer  Omniknight  Batrider,Natus Vincere,Elder Titan  Razor  Disruptor  Morphling  Mars,Ogre Magi  Leshrac  Warlock  Queen of Pain  Mirana  Storm Spirit,Vici Gaming
49:30,Evil Geniuses,Gyrocopter  Naga Siren  Undying  Sand King  Earth Spirit,Kunkka  Magnus  Alchemist  Morphling  Necrophos  Anti-Mage,Virtus.pro,Shadow Demon  Centaur Warrunner  Lion  Storm Spirit  Lifestealer,Leshrac  Enchantress  Elder Titan  Pangolier  Chen  Dark Willow,Virtus.pro
32:15,Ninjas in Pyjamas,Rubick  Beastmaster  Witch Doctor  Wraith King  Meepo,Magnus  Alchemist  Enchantress  Juggernaut  Slark  Troll Warlord,Infamous Gaming,Tiny  Leshrac  Shadow Demon  Broodmother  Phantom Lancer,Mirana  Lone Druid  Chen  Nyx Assassin  Ancient Apparition  Kunkka,Ninjas in Pyjamas
40:40,Royal Never Give Up,Enchantress  Lifestealer  Ancient Apparition  Earthshaker  Pugna,Magnus  Tiny  Mirana  Timbersaw  Ember Spirit  Medusa,Fnatic,Ogre Magi  Gyrocopter  Shadow Shaman  Abaddon  Storm Spirit,Leshrac  Elder Titan  Alchemist  Shadow Demon  Outworld Devourer  Kunkka,Fnatic
29:24,Virtus.pro,Alchemist  Shadow Demon  Dark Willow  Centaur Warrunner  Queen of Pain,Leshrac  Chen  Ancient Apparition  Slark  Lifestealer  Shadow Fiend,Evil Geniuses,Enchantress  Elder Titan  Pangolier  Naga Siren  Storm Spirit,Kunkka  Magnus  Gyrocopter  Sand King  Mirana  Lina,Evil Geniuses
38:12,Natus Vincere,Elder Titan  Razor  Grimstroke  Batrider  Slark,Leshrac  Ogre Magi  Tidehunter  Queen of Pain  Naga Siren  Invoker,Vici Gaming,Sand King  Mirana  Warlock  Sven  Storm Spirit,Treant Protector  Alchemist  Chen  Lifestealer  Shadow Demon  Faceless Void,Vici Gaming
23:50,Infamous Gaming,Silencer  Tiny  Broodmother  Leshrac  Juggernaut,Enchantress  Mirana  Lone Druid  Beastmaster  Kunkka  Omniknight,Ninjas in Pyjamas,Shadow Demon  Elder Titan  Tidehunter  Troll Warlord  Ember Spirit,Alchemist  Magnus  Wraith King  Lifestealer  Slark  Razor,Infamous Gaming
37:47,Team Secret,Invoker  Kunkka  Jakiro  Spectre  Axe,Io  Shadow Demon  Enchantress  Outworld Devourer  Ember Spirit  Lifestealer,PSG.LGD,Mirana  Ogre Magi  Tiny  Magnus  Faceless Void,Enigma  Elder Titan  Chen  Naga Siren  Slark  Timbersaw,PSG.LGD
47:43,Team Liquid,Ember Spirit  Elder Titan  Crystal Maiden  Enigma  Tinker,Kunkka  Ogre Magi  Shadow Demon  Alchemist  Tiny  Lina,KEEN GAMING,Ancient Apparition  Shadow Shaman  Axe  Phantom Assassin  Outworld Devourer,Chen  Io  Mirana  Sand King  Nature's Prophet  Meepo,Team Liquid
38:08,Team Secret,Invoker  Tiny  Crystal Maiden  Slark  Pudge,Shadow Demon  Enchantress  Mirana  Naga Siren  Jakiro  Outworld Devourer,PSG.LGD,Elder Titan  Sand King  Rubick  Faceless Void  Shadow Fiend,Chen  Kunkka  Techies  Broodmother  Lifestealer  Sniper,PSG.LGD
46:02,Newbee,Elder Titan  Gyrocopter  Invoker  Tiny  Axe,Lone Druid  Chen  Mirana  Lifestealer  Batrider  Spectre,Chaos Esports Club,Shadow Demon  Broodmother  Leshrac  Sand King  Enigma,Io  Ogre Magi  Kunkka  Earthshaker  Legion Commander  Beastmaster,Newbee
49:02,Mineski,Tiny  Ogre Magi  Silencer  Faceless Void  Lina,Morphling  Dark Willow  Alchemist  Broodmother  Lone Druid  Centaur Warrunner,Alliance,Crystal Maiden  Enigma  Queen of Pain  Naga Siren  Slardar,Enchantress  Shadow Demon  Mirana  Ember Spirit  Death Prophet  Leshrac,Alliance
36:06,Fnatic,Elder Titan  Crystal Maiden  Ember Spirit  Timbersaw  Morphling,Alchemist  Enchantress  Treant Protector  Lifestealer  Juggernaut  Monkey King,OG,Chen  Earthshaker  Io  Legion Commander  Troll Warlord,Tiny  Magnus  Mirana  Naga Siren  Gyrocopter  Kunkka,OG
37:54,Newbee,Mirana  Kunkka  Warlock  Sven  Axe,Lone Druid  Enigma  Chen  Outworld Devourer  Death Prophet  Spectre,Chaos Esports Club,Bounty Hunter  Earthshaker  Pudge  Nature's Prophet  Slark,Enchantress  Ogre Magi  Io  Lifestealer  Timbersaw  Legion Commander,Newbee
1:00:23,KEEN GAMING,Witch Doctor  Tiny  Phantom Assassin  Pangolier  Magnus,Chen  Mirana  Io  Beastmaster  Leshrac  Lifestealer,Team Liquid,Shadow Demon  Elder Titan  Sand King  Templar Assassin  Earthshaker,Lina  Ogre Magi  Kunkka  Storm Spirit  Alchemist  Batrider,Team Liquid
28:49,Alliance,Ogre Magi  Lina  Sven  Grimstroke  Clinkz,Mirana  Shadow Demon  Enchantress  Lifestealer  Omniknight  Pangolier,Mineski,Ancient Apparition  Tiny  Wraith King  Enigma  Death Prophet,Morphling  Dark Willow  Broodmother  Treant Protector  Lone Druid  Queen of Pain,Mineski
39:07,Fnatic,Magnus  Crystal Maiden  Bloodseeker  Ember Spirit  Zeus,Treant Protector  Alchemist  Elder Titan  Pangolier  Spectre  Monkey King,OG,Enchantress  Shadow Demon  Slark  Sand King  Earth Spirit,Ancient Apparition  Tiny  Mirana  Kunkka  Leshrac  Axe,OG
44:41,Royal Never Give Up,Tidehunter  Elder Titan  Shadow Shaman  Gyrocopter  Underlord,Alchemist  Treant Protector  Razor  Viper  Techies  Lone Druid,Natus Vincere,Shadow Demon  Axe  Grimstroke  Juggernaut  Templar Assassin,Leshrac  Ogre Magi  Enchantress  Naga Siren  Ember Spirit  Outworld Devourer,Royal Never Give Up
53:30,Ninjas in Pyjamas,Mirana  Outworld Devourer  Lich  Slark  Abaddon,Gyrocopter  Leshrac  Alchemist  Pugna  Nyx Assassin  Naga Siren,Vici Gaming,Ogre Magi  Tidehunter  Shadow Shaman  Queen of Pain  Morphling,Enchantress  Chen  Shadow Demon  Sand King  Elder Titan  Omniknight,Ninjas in Pyjamas
42:58,Infamous Gaming,Silencer  Tiny  Kunkka  Chaos Knight  Beastmaster,Omniknight  Centaur Warrunner  Gyrocopter  Tidehunter  Timbersaw  Tinker,Virtus.pro,Treant Protector  Lich  Juggernaut  Doom  Necrophos,Enchantress  Magnus  Alchemist  Slark  Meepo  Storm Spirit,Virtus.pro
32:35,Natus Vincere,Enchantress  Warlock  Earth Spirit  Spectre  Viper,Leshrac  Ogre Magi  Shadow Demon  Naga Siren  Ancient Apparition  Broodmother,Royal Never Give Up,Sand King  Mirana  Elder Titan  Gyrocopter  Invoker,Treant Protector  Alchemist  Razor  Sven  Lifestealer  Kunkka,Royal Never Give Up
30:29,Vici Gaming,Ogre Magi  Shadow Demon  Tidehunter  Lifestealer  Kunkka,Chen  Enchantress  Ancient Apparition  Slark  Morphling  Magnus,Ninjas in Pyjamas,Mirana  Elder Titan  Juggernaut  Razor  Broodmother,Gyrocopter  Leshrac  Alchemist  Lina  Ember Spirit  Necrophos,Vici Gaming
40:17,Virtus.pro,Shadow Demon  Kunkka  Lina  Beastmaster  Templar Assassin,Enchantress  Magnus  Alchemist  Storm Spirit  Tiny  Outworld Devourer,Infamous Gaming,Ancient Apparition  Lifestealer  Tusk  Legion Commander  Shadow Fiend,Omniknight  Centaur Warrunner  Gyrocopter  Slardar  Arc Warden  Faceless Void,Virtus.pro
1:26:29,TNC Predator,Chen  Lina  Earthshaker  Arc Warden  Grimstroke,Lone Druid  Enigma  Ogre Magi  Shadow Demon  Broodmother  Spectre,Chaos Esports Club,Elder Titan  Leshrac  Windranger  Legion Commander  Faceless Void,Kunkka  Alchemist  Mirana  Sand King  Lifestealer  Ember Spirit,Chaos Esports Club
44:38,Alliance,Oracle  Death Prophet  Dark Willow  Axe  Alchemist,Chen  Enchantress  Shadow Demon  Storm Spirit  Leshrac  Bristleback,Team Liquid,Earthshaker  Templar Assassin  Silencer  Lifestealer  Beastmaster,Morphling  Lina  Ogre Magi  Batrider  Faceless Void  Troll Warlord,Alliance
42:35,KEEN GAMING,Warlock  Shadow Shaman  Alchemist  Nature's Prophet  Queen of Pain,Mirana  Visage  Chen  Pangolier  Gyrocopter  Treant Protector,Newbee,Ogre Magi  Enchantress  Leshrac  Naga Siren  Jakiro,Broodmother  Kunkka  Shadow Demon  Phantom Assassin  Sven  Ember Spirit,KEEN GAMING
43:05,Mineski,Ogre Magi  Ancient Apparition  Wraith King  Invoker  Tiny,Elder Titan  Chen  Kunkka  Oracle  Ember Spirit  Broodmother,Team Secret,Alchemist  Lina  Beastmaster  Jakiro  Leshrac,Enchantress  Mirana  Shadow Demon  Slark  Tidehunter  Batrider,Mineski
29:47,Team Liquid,Beastmaster  Shadow Demon  Mirana  Ember Spirit  Timbersaw,Lina  Morphling  Ogre Magi  Centaur Warrunner  Tidehunter  Slark,Alliance,Dark Willow  Kunkka  Jakiro  Broodmother  Phantom Lancer,Enchantress  Chen  Gyrocopter  Leshrac  Alchemist  Mars,Team Liquid
58:54,TNC Predator,Chen  Ogre Magi  Sven  Batrider  Templar Assassin,Enigma  Elder Titan  Ancient Apparition  Broodmother  Faceless Void  Slark,Chaos Esports Club,Bounty Hunter  Phoenix  Earthshaker  Lone Druid  Weaver,Kunkka  Mirana  Alchemist  Lina  Lifestealer  Timbersaw,TNC Predator
19:55,Team Secret,Mirana  Kunkka  Bane  Morphling  Slardar,Enchantress  Shadow Demon  Ancient Apparition  Slark  Death Prophet  Outworld Devourer,Mineski,Ogre Magi  Crystal Maiden  Lifestealer  Beastmaster  Ember Spirit,Elder Titan  Chen  Alchemist  Naga Siren  Faceless Void  Broodmother,Team Secret
1:09:50,Newbee,Enchantress  Pangolier  Elder Titan  Ember Spirit  Gyrocopter,Broodmother  Kunkka  Ogre Magi  Phantom Assassin  Sand King  Puck,KEEN GAMING,Shadow Demon  Leshrac  Mars  Naga Siren  Underlord,Chen  Visage  Mirana  Outworld Devourer  Alchemist  Lifestealer,Newbee
33:16,Virtus.pro,Shadow Demon  Leshrac  Lina  Tidehunter  Dragon Knight,Invoker  Magnus  Alchemist  Io  Spectre  Pugna,OG,Enchantress  Earthshaker  Elder Titan  Ember Spirit  Tiny,Kunkka  Gyrocopter  Ancient Apparition  Naga Siren  Centaur Warrunner  Lifestealer,OG
37:44,Ninjas in Pyjamas,Alchemist  Witch Doctor  Rubick  Omniknight  Shadow Fiend,Gyrocopter  Enchantress  Shadow Demon  Batrider  Slark  Kunkka,Royal Never Give Up,Leshrac  Abaddon  Bane  Ember Spirit  Shadow Shaman,Ancient Apparition  Lone Druid  Nyx Assassin  Lina  Razor  Outworld Devourer,Royal Never Give Up
40:05,Infamous Gaming,Kunkka  Ancient Apparition  Slardar  Wraith King  Nyx Assassin,Leshrac  Elder Titan  Mirana  Tidehunter  Naga Siren  Death Prophet,Evil Geniuses,Chen  Earth Spirit  Lifestealer  Sand King  Shadow Fiend,Enchantress  Alchemist  Magnus  Timbersaw  Anti-Mage  Slark,Infamous Gaming
34:55,Fnatic,Crystal Maiden  Tiny  Leshrac  Naga Siren  Timbersaw,Ancient Apparition  Treant Protector  Alchemist  Ember Spirit  Nyx Assassin  Batrider,Natus Vincere,Chen  Razor  Earth Spirit  Sven  Pangolier,Mirana  Magnus  Ogre Magi  Meepo  Queen of Pain  Enchantress,Fnatic
21:34,Virtus.pro,Omniknight  Leshrac  Ancient Apparition  Sven  Grimstroke,Invoker  Alchemist  Shadow Demon  Pugna  Rubick  Arc Warden,OG,Enchantress  Elder Titan  Io  Pangolier  Tiny,Kunkka  Gyrocopter  Magnus  Naga Siren  Lifestealer  Brewmaster,OG
34:53,Ninjas in Pyjamas,Mirana  Slark  Warlock  Outworld Devourer  Beastmaster,Enchantress  Gyrocopter  Elder Titan  Leshrac  Bloodseeker  Pugna,Royal Never Give Up,Shadow Demon  Alchemist  Skywrath Mage  Omniknight  Lina,Ancient Apparition  Lone Druid  Nyx Assassin  Timbersaw  Batrider  Ogre Magi,Royal Never Give Up
27:36,Fnatic,Ancient Apparition  Tiny  Shadow Shaman  Naga Siren  Enchantress,Treant Protector  Razor  Alchemist  Wraith King  Sven  Leshrac,Natus Vincere,Nyx Assassin  Grimstroke  Axe  Lone Druid  Gyrocopter,Magnus  Mirana  Ogre Magi  Lifestealer  Shadow Demon  Timbersaw,Fnatic
36:30,Infamous Gaming,Nyx Assassin  Kunkka  Grimstroke  Slardar  Huskar,Elder Titan  Mirana  Leshrac  Timbersaw  Naga Siren  Windranger,Evil Geniuses,Chen  Earth Spirit  Lifestealer  Tidehunter  Ancient Apparition,Alchemist  Enchantress  Magnus  Slark  Razor  Morphling,Evil Geniuses
41:28,Alliance,Centaur Warrunner  Dark Willow  Timbersaw  Morphling  Tiny,Mirana  Enchantress  Ogre Magi  Ember Spirit  Outworld Devourer  Axe,Newbee,Chen  Alchemist  Rubick  Leshrac  Legion Commander,Broodmother  Crystal Maiden  Kunkka  Ancient Apparition  Sven  Lone Druid,Alliance
52:56,TNC Predator,Ogre Magi  Lifestealer  Magnus  Templar Assassin  Batrider,Elder Titan  Kunkka  Ancient Apparition  Morphling  Slark  Juggernaut,Team Secret,Shadow Demon  Centaur Warrunner  Lina  Vengeful Spirit  Sniper,Chen  Mirana  Alchemist  Rubick  Storm Spirit  Crystal Maiden,TNC Predator
23:01,PSG.LGD,Tidehunter  Rubick  Gyrocopter  Bane  Terrorblade,Mirana  Enchantress  Shadow Demon  Slark  Sven  Ember Spirit,Mineski,Ogre Magi  Grimstroke  Lifestealer  Windranger  Death Prophet,Elder Titan  Leshrac  Chen  Lina  Naga Siren  Faceless Void,PSG.LGD
29:41,Chaos Esports Club,Shadow Demon  Death Prophet  Earth Spirit  Juggernaut  Enigma,Ogre Magi  Abaddon  Alchemist  Ancient Apparition  Broodmother  Sniper,KEEN GAMING,Witch Doctor  Kunkka  Lina  Phantom Assassin  Beastmaster,Lone Druid  Chen  Mirana  Leshrac  Lifestealer  Omniknight,KEEN GAMING
37:36,Mineski,Crystal Maiden  Omniknight  Gyrocopter  Enigma  Dragon Knight,Elder Titan  Leshrac  Shadow Demon  Faceless Void  Rubick  Outworld Devourer,PSG.LGD,Tidehunter  Lina  Sven  Grimstroke  Razor,Mirana  Enchantress  Ogre Magi  Lifestealer  Slark  Tiny,PSG.LGD
59:31,Newbee,Gyrocopter  Chen  Axe  Rubick  Anti-Mage,Broodmother  Shadow Demon  Crystal Maiden  Kunkka  Treant Protector  Lone Druid,Alliance,Ancient Apparition  Morphling  Tusk  Sand King  Razor,Mirana  Enchantress  Ogre Magi  Outworld Devourer  Naga Siren  Queen of Pain,Newbee
31:26,KEEN GAMING,Kunkka  Ancient Apparition  Shadow Shaman  Phantom Assassin  Abaddon,Chen  Lone Druid  Outworld Devourer  Oracle  Juggernaut  Monkey King,Chaos Esports Club,Mirana  Magnus  Ember Spirit  Beastmaster  Phantom Lancer,Ogre Magi  Shadow Demon  Alchemist  Axe  Enchantress  Bristleback,KEEN GAMING
48:21,TNC Predator,Ogre Magi  Grimstroke  Lich  Faceless Void  Sniper,Elder Titan  Kunkka  Alchemist  Naga Siren  Slark  Broodmother,Team Secret,Invoker  Tiny  Crystal Maiden  Jakiro  Spectre,Chen  Mirana  Shadow Demon  Lifestealer  Juggernaut  Lina,Team Secret
37:35,Evil Geniuses,Leshrac  Lifestealer  Chen  Sand King  Earth Spirit,Shadow Demon  Gyrocopter  Alchemist  Morphling  Razor  Sniper,Vici Gaming,Warlock  Centaur Warrunner  Tusk  Sven  Medusa,Enchantress  Mirana  Elder Titan  Tidehunter  Omniknight  Outworld Devourer,Evil Geniuses
43:27,Royal Never Give Up,Shadow Demon  Alchemist  Jakiro  Kunkka  Sand King,Chen  Magnus  Rubick  Batrider  Invoker  Ember Spirit,OG,Treant Protector  Grimstroke  Ancient Apparition  Slark  Monkey King,Leshrac  Gyrocopter  Enchantress  Elder Titan  Ogre Magi  Axe,OG
39:42,Natus Vincere,Ancient Apparition  Alchemist  Earth Spirit  Kunkka  Queen of Pain,Mirana  Gyrocopter  Ogre Magi  Lone Druid  Sven  Leshrac,Ninjas in Pyjamas,Shadow Demon  Nyx Assassin  Tiny  Lifestealer  Razor,Axe  Enchantress  Treant Protector  Elder Titan  Tusk  Shadow Fiend,Natus Vincere
34:41,Fnatic,Ogre Magi  Mirana  Warlock  Sven  Meepo,Magnus  Alchemist  Tiny  Wraith King  Naga Siren  Storm Spirit,Infamous Gaming,Nyx Assassin  Enchantress  Grimstroke  Lifestealer  Slark,Shadow Shaman  Elder Titan  Timbersaw  Kunkka  Omniknight  Broodmother,Infamous Gaming
1:01:48,Vici Gaming,Ogre Magi  Magnus  Lion  Troll Warlord  Kunkka,Shadow Demon  Naga Siren  Gyrocopter  Rubick  Faceless Void  Timbersaw,Evil Geniuses,Elder Titan  Sand King  Dark Willow  Morphling  Dragon Knight,Leshrac  Alchemist  Enchantress  Juggernaut  Outworld Devourer  Lina,Evil Geniuses
36:39,Ninjas in Pyjamas,Jakiro  Earthshaker  Timbersaw  Lifestealer  Lina,Enchantress  Ancient Apparition  Axe  Oracle  Shadow Demon  Legion Commander,Natus Vincere,Treant Protector  Alchemist  Grimstroke  Razor  Batrider,Mirana  Gyrocopter  Ogre Magi  Slark  Lone Druid  Queen of Pain,Natus Vincere
30:57,Royal Never Give Up,Ancient Apparition  Sand King  Ember Spirit  Pangolier  Medusa,Magnus  Alchemist  Enchantress  Slark  Pugna  Omniknight,OG,Chen  Earthshaker  Spectre  Invoker  Batrider,Leshrac  Gyrocopter  Mirana  Naga Siren  Lifestealer  Kunkka,OG
36:23,Fnatic,Ogre Magi  Mirana  Gyrocopter  Sand King  Invoker,Alchemist  Magnus  Nyx Assassin  Broodmother  Lifestealer  Outworld Devourer,Infamous Gaming,Leshrac  Enchantress  Tiny  Wraith King  Windranger,Shadow Shaman  Elder Titan  Timbersaw  Kunkka  Medusa  Queen of Pain,Infamous Gaming
40:44,Team Liquid,Ogre Magi  Mirana  Alchemist  Omniknight  Timbersaw,Enchantress  Elder Titan  Leshrac  Slark  Terrorblade  Storm Spirit,PSG.LGD,Shadow Demon  Sand King  Jakiro  Lifestealer  Kunkka,Chen  Beastmaster  Io  Meepo  Ember Spirit  Razor,PSG.LGD
34:50,Newbee,Enchantress  Crystal Maiden  Ember Spirit  Magnus  Juggernaut,Ogre Magi  Mirana  Alchemist  Grimstroke  Leshrac  Kunkka,TNC Predator,Chen  Sand King  Lina  Sven  Dark Willow,Gyrocopter  Beastmaster  Elder Titan  Rubick  Lifestealer  Slark,TNC Predator
43:37,Alliance,Crystal Maiden  Pudge  Oracle  Death Prophet  Morphling,Enchantress  Shadow Demon  Alchemist  Ember Spirit  Kunkka  Outworld Devourer,KEEN GAMING,Sand King  Lina  Disruptor  Gyrocopter  Slark,Enigma  Ogre Magi  Treant Protector  Broodmother  Dark Willow  Lifestealer,Alliance
47:06,Mineski,Mirana  Ogre Magi  Warlock  Slark  Shadow Fiend,Chen  Phoenix  Bane  Broodmother  Naga Siren  Lycan,Chaos Esports Club,Rubick  Sand King  Lifestealer  Ancient Apparition  Outworld Devourer,Enigma  Enchantress  Shadow Demon  Weaver  Faceless Void  Lina,Mineski
33:53,KEEN GAMING,Elder Titan  Gyrocopter  Ember Spirit  Magnus  Batrider,Ogre Magi  Enigma  Dark Willow  Outworld Devourer  Faceless Void  Earthshaker,Alliance,Crystal Maiden  Broodmother  Treant Protector  Morphling  Axe,Enchantress  Shadow Demon  Alchemist  Kunkka  Mars  Shadow Shaman,Alliance
46:34,Team Liquid,Elder Titan  Ember Spirit  Pugna  Nature's Prophet  Drow Ranger,Enchantress  Ogre Magi  Leshrac  Mirana  Alchemist  Kunkka,PSG.LGD,Shadow Demon  Tidehunter  Lion  Gyrocopter  Naga Siren,Io  Chen  Beastmaster  Magnus  Slark  Meepo,PSG.LGD
48:18,TNC Predator,Kunkka  Ancient Apparition  Rubick  Queen of Pain  Phantom Assassin,Gyrocopter  Enchantress  Ogre Magi  Batrider  Elder Titan  Oracle,Newbee,Mirana  Outworld Devourer  Beastmaster  Lifestealer  Crystal Maiden,Alchemist  Chen  Shadow Demon  Broodmother  Grimstroke  Naga Siren,Newbee
38:48,Chaos Esports Club,Elder Titan  Sand King  Gyrocopter  Rubick  Death Prophet,Mirana  Enigma  Enchantress  Ember Spirit  Lifestealer  Alchemist,Mineski,Witch Doctor  Pangolier  Axe  Weaver  Lina,Chen  Ogre Magi  Shadow Demon  Faceless Void  Batrider  Dragon Knight,Mineski
54:21,Natus Vincere,Ancient Apparition  Razor  Earth Spirit  Axe  Bloodseeker,Gyrocopter  Kunkka  Magnus  Queen of Pain  Meepo  Sniper,Virtus.pro,Earthshaker  Vengeful Spirit  Phoenix  Weaver  Outworld Devourer,Alchemist  Treant Protector  Shadow Demon  Slark  Lifestealer  Faceless Void,Natus Vincere
31:50,Royal Never Give Up,Ogre Magi  Ember Spirit  Tidehunter  Witch Doctor  Anti-Mage,Lina  Rubick  Shadow Demon  Abaddon  Outworld Devourer  Kunkka,Evil Geniuses,Elder Titan  Gyrocopter  Mirana  Sand King  Templar Assassin,Alchemist  Leshrac  Enchantress  Lifestealer  Centaur Warrunner  Morphling,Evil Geniuses
31:28,Vici Gaming,Elder Titan  Shadow Shaman  Omniknight  Faceless Void  Sniper,Enchantress  Alchemist  Magnus  Ancient Apparition  Batrider  Storm Spirit,Infamous Gaming,Tidehunter  Tiny  Slark  Abaddon  Venomancer,Rubick  Nyx Assassin  Leshrac  Timbersaw  Razor  Outworld Devourer,Vici Gaming
30:01,Ninjas in Pyjamas,Mirana  Ogre Magi  Lion  Lone Druid  Wraith King,Chen  Magnus  Enchantress  Spectre  Invoker  Windranger,OG,Shadow Demon  Earthshaker  Elder Titan  Io  Troll Warlord,Broodmother  Gyrocopter  Alchemist  Naga Siren  Puck  Lycan,OG
44:20,Evil Geniuses,Leshrac  Abaddon  Crystal Maiden  Lifestealer  Kunkka,Alchemist  Shadow Demon  Gyrocopter  Outworld Devourer  Ember Spirit  Razor,Royal Never Give Up,Ogre Magi  Mirana  Elder Titan  Faceless Void  Queen of Pain,Lina  Enchantress  Rubick  Naga Siren  Tidehunter  Dark Willow,Evil Geniuses
41:12,Ninjas in Pyjamas,Mirana  Elder Titan  Slark  Sand King  Batrider,Enchantress  Chen  Magnus  Spectre  Bloodseeker  Alchemist,OG,Shadow Demon  Treant Protector  Axe  Windranger  Io,Broodmother  Gyrocopter  Ogre Magi  Naga Siren  Faceless Void  Timbersaw,OG
39:03,Virtus.pro,Tidehunter  Elder Titan  Vengeful Spirit  Leshrac  Arc Warden,Alchemist  Treant Protector  Shadow Demon  Slark  Morphling  Omniknight,Natus Vincere,Ancient Apparition  Razor  Earth Spirit  Sven  Axe,Magnus  Gyrocopter  Kunkka  Queen of Pain  Broodmother  Naga Siren,Natus Vincere
59:54,Vici Gaming,Elder Titan  Shadow Demon  Centaur Warrunner  Slark  Invoker,Magnus  Enchantress  Alchemist  Warlock  Puck  Outworld Devourer,Infamous Gaming,Tidehunter  Tiny  Lifestealer  Legion Commander  Storm Spirit,Rubick  Nyx Assassin  Leshrac  Razor  Mirana  Queen of Pain,Infamous Gaming
39:15,Alliance,Dark Willow  Ancient Apparition  Sand King  Broodmother  Faceless Void,Chen  Kunkka  Mirana  Ember Spirit  Batrider  Spectre,TNC Predator,Ogre Magi  Leshrac  Grimstroke  Earthshaker  Anti-Mage,Enigma  Oracle  Shadow Demon  Sven  Storm Spirit  Alchemist,Alliance
28:39,Team Liquid,Beastmaster  Elder Titan  Shadow Shaman  Leshrac  Templar Assassin,Ogre Magi  Mirana  Enchantress  Timbersaw  Ember Spirit  Faceless Void,Mineski,Shadow Demon  Legion Commander  Lich  Death Prophet  Sven,Chen  Meepo  Io  Ancient Apparition  Alchemist  Arc Warden,Team Liquid
23:02,KEEN GAMING,Chen  Grimstroke  Tiny  Outworld Devourer  Broodmother,Enigma  Alchemist  Enchantress  Spirit Breaker  Tidehunter  Ember Spirit,Team Secret,Io  Gyrocopter  Centaur Warrunner  Warlock  Beastmaster,Kunkka  Shadow Demon  Crystal Maiden  Sven  Morphling  Faceless Void,Team Secret
1:07:51,Newbee,Ogre Magi  Gyrocopter  Crystal Maiden  Invoker  Sven,Shadow Demon  Enchantress  Chen  Alchemist  Warlock  Lifestealer,PSG.LGD,Elder Titan  Leshrac  Rubick  Centaur Warrunner  Faceless Void,Io  Mirana  Beastmaster  Kunkka  Visage  Outworld Devourer,Newbee
39:49,Team Liquid,Rubick  Centaur Warrunner  Warlock  Ember Spirit  Terrorblade,Enigma  Shadow Demon  Enchantress  Slark  Beastmaster  Wraith King,Mineski,Ogre Magi  Mirana  Witch Doctor  Death Prophet  Lifestealer,Chen  Io  Meepo  Kunkka  Alchemist  Broodmother,Mineski
36:40,Team Secret,Alchemist  Oracle  Tiny  Ember Spirit  Batrider,Shadow Demon  Lina  Io  Slark  Faceless Void  Weaver,KEEN GAMING,Ancient Apparition  Kunkka  Shadow Shaman  Timbersaw  Lifestealer,Chen  Enchantress  Enigma  Outworld Devourer  Rubick  Invoker,Team Secret
52:12,Alliance,Sven  Ancient Apparition  Treant Protector  Timbersaw  Death Prophet,Chen  Shadow Demon  Kunkka  Ember Spirit  Outworld Devourer  Leshrac,TNC Predator,Ogre Magi  Mirana  Bristleback  Batrider  Queen of Pain,Enigma  Oracle  Dark Willow  Tidehunter  Storm Spirit  Broodmother,TNC Predator
24:35,Newbee,Visage  Sven  Crystal Maiden  Sand King  Ember Spirit,Shadow Demon  Leshrac  Chen  Pangolier  Gyrocopter  Lifestealer,PSG.LGD,Ogre Magi  Enchantress  Warlock  Kunkka  Faceless Void,Mirana  Io  Beastmaster  Dark Willow  Grimstroke  Outworld Devourer,PSG.LGD
34:36,Ninjas in Pyjamas,Ogre Magi  Gyrocopter  Shadow Shaman  Tidehunter  Lina,Magnus  Io  Enchantress  Centaur Warrunner  Omniknight  Templar Assassin,Fnatic,Shadow Demon  Mirana  Leshrac  Abaddon  Medusa,Lone Druid  Dazzle  Nyx Assassin  Broodmother  Alchemist  Outworld Devourer,Fnatic
35:18,Natus Vincere,Enchantress  Alchemist  Earth Spirit  Dazzle  Warlock,Tiny  Magnus  Silencer  Slark  Ancient Apparition  Queen of Pain,Infamous Gaming,Nyx Assassin  Leshrac  Shadow Demon  Juggernaut  Broodmother,Treant Protector  Dark Willow  Beastmaster  Razor  Centaur Warrunner  Kunkka,Natus Vincere
41:11,Virtus.pro,Omniknight  Slark  Lich  Death Prophet  Shadow Shaman,Tidehunter  Gyrocopter  Ancient Apparition  Outworld Devourer  Faceless Void  Lycan,Vici Gaming,Leshrac  Rubick  Ogre Magi  Sand King  Medusa,Shadow Demon  Magnus  Enchantress  Warlock  Elder Titan  Earthshaker,Vici Gaming
35:47,OG,Magnus  Juggernaut  Grimstroke  Pugna  Earthshaker,Mirana  Leshrac  Shadow Demon  Elder Titan  Naga Siren  Kunkka,Evil Geniuses,Abaddon  Dark Willow  Bane  Sven  Ember Spirit,Enchantress  Chen  Alchemist  Oracle  Tiny  Invoker,OG
1:03:37,Natus Vincere,Alchemist  Oracle  Elder Titan  Sand King  Broodmother,Tiny  Silencer  Enchantress  Monkey King  Queen of Pain  Grimstroke,Infamous Gaming,Magnus  Slark  Shadow Demon  Lifestealer  Tusk,Dark Willow  Treant Protector  Ogre Magi  Bloodseeker  Razor  Outworld Devourer,Infamous Gaming
1:03:31,Fnatic,Shadow Demon  Leshrac  Sand King  Naga Siren  Shadow Fiend,Dazzle  Lone Druid  Mirana  Broodmother  Lifestealer  Ember Spirit,Ninjas in Pyjamas,Ogre Magi  Nyx Assassin  Witch Doctor  Gyrocopter  Alchemist,Magnus  Enchantress  Io  Omniknight  Centaur Warrunner  Templar Assassin,Ninjas in Pyjamas
32:15,OG,Chen  Alchemist  Grimstroke  Ember Spirit  Sand King,Leshrac  Mirana  Shadow Demon  Ancient Apparition  Lifestealer  Templar Assassin,Evil Geniuses,Tidehunter  Lina  Ogre Magi  Gyrocopter  Outworld Devourer,Enchantress  Slark  Elder Titan  Treant Protector  Centaur Warrunner  Beastmaster,OG
46:39,Vici Gaming,Ogre Magi  Enchantress  Earthshaker  Morphling  Razor,Magnus  Io  Shadow Demon  Tidehunter  Sand King  Broodmother,Virtus.pro,Gyrocopter  Elder Titan  Vengeful Spirit  Kunkka  Queen of Pain,Alchemist  Leshrac  Omniknight  Slark  Death Prophet  Lina,Vici Gaming
35:56,TNC Predator,Elder Titan  Grimstroke  Gyrocopter  Earthshaker  Arc Warden,Magnus  Shadow Demon  Enigma  Batrider  Lifestealer  Queen of Pain,PSG.LGD,Ogre Magi  Leshrac  Centaur Warrunner  Sven  Lion,Chen  Alchemist  Mirana  Kunkka  Broodmother  Medusa,PSG.LGD
36:09,KEEN GAMING,Shadow Demon  Abaddon  Rubick  Naga Siren  Tiny,Mirana  Enigma  Chen  Outworld Devourer  Slark  Medusa,Mineski,Crystal Maiden  Beastmaster   Ember Spirit  Silencer  Timbersaw,Alchemist  Enchantress  Ogre Magi  Nyx Assassin  Leshrac  Kunkka,KEEN GAMING
25:33,Mineski,Disruptor  Beastmaster  Tiny  Weaver  Invoker,Alchemist  Ember Spirit  Enchantress  Naga Siren  Chaos Knight  Faceless Void,KEEN GAMING,Shadow Demon  Leshrac  Mars  Abaddon  Nyx Assassin,Mirana  Ogre Magi  Enigma  Shadow Shaman  Outworld Devourer  Rubick,KEEN GAMING
48:18,TNC Predator,Mirana  Chen  Earthshaker  Ember Spirit  Bristleback,Magnus  Enigma  Elder Titan  Kunkka  Gyrocopter  Outworld Devourer,PSG.LGD,Ogre Magi  Leshrac  Naga Siren  Witch Doctor  Necrophos,Alchemist  Shadow Demon  Enchantress  Lifestealer  Lion  Medusa,TNC Predator
35:15,Chaos Esports Club,Mars  Phoenix  Bane  Phantom Assassin  Dragon Knight,Ancient Apparition  Ogre Magi  Mirana  Legion Commander  Sand King  Lina,Alliance,Dark Willow  Lifestealer  Crystal Maiden  Earthshaker  Storm Spirit,Chen  Enchantress  Shadow Demon  Broodmother  Alchemist  Necrophos,Alliance
29:03,Team Liquid,Omniknight  Tusk  Puck  Bloodseeker  Meepo,Leshrac  Rubick  Morphling  Enigma  Outworld Devourer  Templar Assassin,Team Secret,Shadow Demon  Centaur Warrunner  Slark  Ogre Magi  Earthshaker,Kunkka  Alchemist  Chen  Keeper of the Light  Faceless Void  Viper,Team Secret
57:43,Fnatic,Elder Titan  Enchantress  Shadow Shaman  Pudge  Arc Warden,Leshrac  Tidehunter  Batrider  Sand King  Omniknight  Death Prophet,Vici Gaming,Ogre Magi  Gyrocopter  Windranger  Tusk  Shadow Fiend,Mirana  Shadow Demon  Broodmother  Lifestealer  Faceless Void  Meepo,Vici Gaming
26:06,Team Secret,Alchemist  Chen  Lina  Ember Spirit  Centaur Warrunner,Io  Shadow Demon  Ancient Apparition  Slark  Terrorblade  Meepo,Team Liquid,Phoenix  Mars  Warlock  Storm Spirit  Bristleback,Kunkka  Rubick  Leshrac  Earth Spirit  Batrider  Beastmaster,Team Secret
1:22:14,Evil Geniuses,Elder Titan  Tidehunter  Lina  Gyrocopter  Storm Spirit,Alchemist  Treant Protector  Chen  Morphling  Razor  Sven,Natus Vincere,Ancient Apparition  Axe  Dark Willow  Templar Assassin  Weaver,Ember Spirit  Mirana  Enchantress  Shadow Demon  Lifestealer  Kunkka,Evil Geniuses
1:03:07,Chaos Esports Club,Shadow Demon  Sand King  Silencer  Spectre  Dragon Knight,Ancient Apparition  Ogre Magi  Oracle  Juggernaut  Lifestealer  Anti-Mage,Alliance,Crystal Maiden  Storm Spirit  Enigma  Centaur Warrunner  Troll Warlord,Chen  Enchantress  Dazzle  Batrider  Alchemist  Necrophos,Chaos Esports Club
32:58,Vici Gaming,Ogre Magi  Shadow Shaman  Centaur Warrunner  Gyrocopter  Storm Spirit,Mirana  Shadow Demon  Broodmother  Magnus  Enchantress  Meepo,Fnatic,Ancient Apparition  Ember Spirit  Pangolier  Dazzle  Alchemist,Leshrac  Tidehunter  Outworld Devourer  Naga Siren  Lifestealer  Medusa,Vici Gaming
19:39,OG,Magnus  Invoker  Oracle  Slark  Tiny,Alchemist  Silencer  Ogre Magi  Dark Seer  Naga Siren  Spectre,Infamous Gaming,Disruptor  Spirit Breaker  Venomancer  Abaddon  Pudge,Treant Protector  Enchantress  Nature's Prophet  Ember Spirit  Juggernaut  Monkey King,OG
43:11,Virtus.pro,Io  Luna  Bane  Axe  Invoker,Warlock  Omniknight  Shadow Demon  Mars  Kunkka  Broodmother,Royal Never Give Up,Elder Titan  Gyrocopter  Ogre Magi  Mirana  Outworld Devourer,Magnus  Ancient Apparition  Enchantress  Tidehunter  Batrider  Lina,Royal Never Give Up
46:57,Natus Vincere,Enchantress  Alchemist  Warlock  Razor  Earth Spirit,Ember Spirit  Mirana  Ogre Magi  Ancient Apparition  Sven  Queen of Pain,Evil Geniuses,Leshrac  Sand King  Elder Titan  Gyrocopter  Shadow Demon,Treant Protector  Broodmother  Nyx Assassin  Chen  Spirit Breaker  Clockwerk,Natus Vincere
54:49,Newbee,Io  Gyrocopter  Crystal Maiden  Beastmaster  Storm Spirit,Kunkka  Alchemist  Grimstroke  Axe  Ember Spirit  Leshrac,Team Secret,Shadow Demon  Sven  Jakiro  Tidehunter  Windranger,Lina  Ancient Apparition  Enchantress  Omniknight  Legion Commander  Outworld Devourer,Team Secret
33:06,Infamous Gaming,Tiny  Silencer  Jakiro  Queen of Pain  Wraith King,Treant Protector  Centaur Warrunner  Chen  Arc Warden  Beastmaster  Anti-Mage,OG,Elder Titan  Rubick  Nature's Prophet  Gyrocopter  Invoker,Alchemist  Magnus  Enchantress  Naga Siren  Sven  Lifestealer,OG
46:42,Mineski,Mirana  Wraith King  Grimstroke  Enigma  Tiny,Bristleback  Chen  Kunkka  Earthshaker  Alchemist  Arc Warden,TNC Predator,Shadow Demon  Lina  Tidehunter  Sven  Warlock,Enchantress  Ogre Magi  Beastmaster  Ancient Apparition  Batrider  Ember Spirit,Mineski
40:04,Royal Never Give Up,Enchantress  Warlock  Tiny  Morphling  Puck,Magnus  Ancient Apparition  Enigma  Abaddon  Batrider  Dragon Knight,Virtus.pro,Io  Gyrocopter  Tidehunter  Shadow Demon  Invoker,Elder Titan  Alchemist  Slark  Centaur Warrunner  Kunkka  Ember Spirit,Virtus.pro
22:17,Team Liquid,Nature's Prophet  Kunkka  Mirana  Storm Spirit  Meepo,Elder Titan  Batrider  Rubick  Bloodseeker  Alchemist  Ember Spirit,Chaos Esports Club,Shadow Demon  Leshrac  Ogre Magi  Lone Druid  Abaddon,Pangolier  Crystal Maiden  Io  Broodmother  Lifestealer  Juggernaut,Team Liquid
56:07,Team Secret,Crystal Maiden  Naga Siren  Dark Willow  Ogre Magi  Slark,Alchemist  Legion Commander  Sand King  Gyrocopter  Magnus  Tidehunter,Newbee,Mirana  Ember Spirit  Jakiro  Lifestealer  Underlord,Leshrac  Kunkka  Techies  Puck  Omniknight  Outworld Devourer,Team Secret
49:32,KEEN GAMING,Shadow Shaman  Tiny  Enchantress  Naga Siren  Zeus,Mirana  Chen  Kunkka  Lifestealer  Leshrac  Storm Spirit,PSG.LGD,Shadow Demon  Elder Titan  Sand King  Gyrocopter  Sven,Alchemist  Ancient Apparition  Ogre Magi  Broodmother  Magnus  Ember Spirit,PSG.LGD
47:46,TNC Predator,Ancient Apparition  Kunkka  Grimstroke  Alchemist  Abaddon,Magnus  Enchantress  Ogre Magi  Outworld Devourer  Oracle  Slark,Mineski,Beastmaster  Crystal Maiden  Ember Spirit  Shadow Demon  Weaver,Bristleback  Chen  Mirana  Batrider  Earthshaker  Tidehunter,Mineski
39:32,Team Liquid,Elder Titan  Sand King  Shadow Demon  Templar Assassin  Leshrac,Batrider  Rubick  Enigma  Juggernaut  Bristleback  Ember Spirit,Chaos Esports Club,Enchantress  Pangolier  Lifestealer  Lion  Pugna,Io  Chen  Magnus  Alchemist  Phantom Assassin  Terrorblade,Team Liquid
30:51,KEEN GAMING,Shadow Demon  Lion  Outworld Devourer  Axe  Faceless Void,Mirana  Enigma  Chen  Sand King  Tidehunter  Naga Siren,PSG.LGD,Elder Titan  Leshrac  Kunkka  Rubick  Phantom Assassin,Enchantress  Ogre Magi  Alchemist  Centaur Warrunner  Lifestealer  Sven,PSG.LGD
44:15,Natus Vincere,Treant Protector  Ancient Apparition  Sven  Legion Commander  Viper,Magnus  Pangolier  Enchantress  Ember Spirit  Pugna  Invoker,OG,Grimstroke  Tiny  Beastmaster  Spectre  Zeus,Alchemist  Broodmother  Ogre Magi  Naga Siren  Batrider  Kunkka,Natus Vincere
43:20,Ninjas in Pyjamas,Mirana  Oracle  Wraith King  Outworld Devourer  Doom,Magnus  Io  Enchantress  Alchemist  Gyrocopter  Broodmother,Virtus.pro,Ancient Apparition  Kunkka  Enigma  Tidehunter  Sniper,Elder Titan  Omniknight  Dazzle  Slark  Rubick  Timbersaw,Virtus.pro
28:04,Vici Gaming,Elder Titan  Tidehunter  Shadow Shaman  Medusa  Gyrocopter,Shadow Demon  Enchantress  Ogre Magi  Omniknight  Lifestealer  Sand King,Royal Never Give Up,Leshrac  Outworld Devourer  Bane  Enigma  Abaddon,Lina  Alchemist  Rubick  Pugna  Nyx Assassin  Faceless Void,Vici Gaming
40:02,Fnatic,Ancient Apparition  Ember Spirit  Shadow Shaman  Ogre Magi  Medusa,Batrider  Outworld Devourer  Leshrac  Arc Warden  Naga Siren  Puck,Evil Geniuses,Enchantress  Earthshaker  Crystal Maiden  Lifestealer  Kunkka,Mirana  Nyx Assassin  Lina  Magnus  Sand King  Morphling,Fnatic
39:13,Natus Vincere,Warlock  Shadow Demon  Axe  Bloodseeker  Storm Spirit,Magnus  Ogre Magi  Beastmaster  Spectre  Oracle  Morphling,OG,Enchantress  Pangolier  Elder Titan  Ember Spirit  Arc Warden,Alchemist  Dark Willow  Treant Protector  Naga Siren  Batrider  Broodmother,OG
41:34,Virtus.pro,Gyrocopter  Centaur Warrunner  Silencer  Lina  Necrophos,Elder Titan  Alchemist  Omniknight  Slark  Broodmother  Dazzle,Ninjas in Pyjamas,Io  Tiny  Lich  Juggernaut  Lone Druid,Magnus  Ancient Apparition  Leshrac  Grimstroke  Dark Willow  Lifestealer,Virtus.pro
49:07,Royal Never Give Up,Elder Titan  Mirana  Omniknight  Drow Ranger  Templar Assassin,Lina  Enchantress  Rubick  Lion  Shadow Shaman  Windranger,Vici Gaming,Leshrac  Tidehunter  Warlock  Alchemist  Tusk,Shadow Demon  Ogre Magi  Outworld Devourer  Faceless Void  Sand King  Puck,Vici Gaming
36:25,Fnatic,Crystal Maiden  Magnus  Juggernaut  Dark Willow  Dragon Knight,Batrider  Omniknight  Enchantress  Arc Warden  Tidehunter  Winter Wyvern,Evil Geniuses,Ogre Magi  Ember Spirit  Rubick  Lifestealer  Vengeful Spirit,Mirana  Ancient Apparition  Leshrac  Outworld Devourer  Gyrocopter  Meepo,Fnatic
1:00:05,KEEN GAMING,Alchemist  Lina  Bane  Sand King  Queen of Pain,Mirana  Chen  Oracle  Bristleback  Timbersaw  Batrider,TNC Predator,Shadow Demon  Kunkka  Earthshaker  Slark  Rubick,Ogre Magi  Enchantress  Ancient Apparition  Tidehunter  Outworld Devourer  Leshrac,TNC Predator
41:24,Newbee,Io  Gyrocopter  Shadow Demon  Legion Commander  Outworld Devourer,Magnus  Chen  Alchemist  Storm Spirit  Weaver  Puck,Team Liquid,Elder Titan  Axe  Crystal Maiden  Anti-Mage  Pangolier,Enchantress  Mirana  Ember Spirit  Bane  Batrider  Kunkka,Newbee
21:50,Team Secret,Kunkka  Crystal Maiden  Invoker  Axe  Gyrocopter,Lina  Ancient Apparition  Ogre Magi  Oracle  Juggernaut  Storm Spirit,Alliance,Dark Willow  Tiny  Phoenix  Troll Warlord  Lone Druid,Techies  Enchantress  Alchemist  Naga Siren  Ember Spirit  Lifestealer,Team Secret
34:52,Chaos Esports Club,Grimstroke  Dazzle  Tiny  Spectre  Lycan,Enchantress  Leshrac  Warlock  Naga Siren  Ancient Apparition  Storm Spirit,PSG.LGD,Elder Titan  Sand King  Mirana  Lifestealer  Phoenix,Chen  Enigma  Shadow Demon  Alchemist  Broodmother  Beastmaster,PSG.LGD
44:42,Team Secret,Kunkka  Jakiro  Elder Titan  Broodmother  Arc Warden,Lina  Shadow Demon  Ancient Apparition  Slark  Dazzle  Sven,Alliance,Ogre Magi  Dark Willow  Oracle  Death Prophet  Tiny,Enchantress  Techies  Alchemist  Naga Siren  Ember Spirit  Faceless Void,Team Secret
47:53,Team Liquid,Beastmaster  Zeus  Alchemist  Ogre Magi  Viper,Omniknight  Enchantress  Leshrac  Chen  Timbersaw  Bloodseeker,Newbee,Mirana  Ember Spirit  Sven  Tidehunter  Ancient Apparition,Io  Broodmother  Magnus  Puck  Outworld Devourer  Huskar,Newbee
27:47,PSG.LGD,Ogre Magi  Shadow Demon  Naga Siren  Jakiro  Shadow Fiend,Enchantress  Enigma  Chen  Broodmother  Lifestealer  Visage,Chaos Esports Club,Elder Titan  Grimstroke  Sven  Underlord  Necrophos,Leshrac  Mirana  Ancient Apparition  Alchemist  Ember Spirit  Sniper,PSG.LGD
53:13,KEEN GAMING,Ancient Apparition  Ember Spirit  Rubick  Lifestealer  Timbersaw,Chen  Enigma  Oracle  Outworld Devourer  Shadow Demon  Ursa,TNC Predator,Mirana  Kunkka  Grimstroke  Bristleback  Arc Warden,Ogre Magi  Enchantress  Alchemist  Tidehunter  Batrider  Axe,TNC Predator
